-- Adminer 5.2.1 MySQL 9.3.0 dump

SET NAMES utf8;
SET time_zone = '+00:00';
SET foreign_key_checks = 0;
SET sql_mode = 'NO_AUTO_VALUE_ON_ZERO';

SET NAMES utf8mb4;

CREATE DATABASE `astromen` /*!40100 DEFAULT CHARACTER SET utf8mb4 COLLATE utf8mb4_czech_ci */ /*!80016 DEFAULT ENCRYPTION='N' */;
USE `astromen`;

DROP TABLE IF EXISTS `astroman`;
CREATE TABLE `astroman` (
  `id` int NOT NULL AUTO_INCREMENT,
  `first_name` varchar(32) CHARACTER SET utf8mb4 COLLATE utf8mb4_czech_ci NOT NULL,
  `last_name` varchar(32) CHARACTER SET utf8mb4 COLLATE utf8mb4_czech_ci NOT NULL,
  `DOB` date NOT NULL,
  PRIMARY KEY (`id`)
) ENGINE=InnoDB DEFAULT CHARSET=utf8mb4 COLLATE=utf8mb4_czech_ci;

INSERT INTO `astroman` (`id`, `first_name`, `last_name`, `DOB`) VALUES
(1,	'L<b>ajk</b>a',	'pes',	'1954-09-11'),
(2,	'Homer',	'Simpson',	'1961-05-11'),
(3,	'Jurij',	'Gagarin',	'1934-03-09'),
(10,	'Gordon',	'Cooper',	'1927-03-06'),
(11,	'Donn',	'Eisele',	'1930-06-23'),
(12,	'Edgar',	'Mitchell',	'1930-09-07'),
(13,	'Neil',	'Armstrong',	'1930-08-05'),
(14,	'Buzz',	'Aldrin',	'1930-01-20'),
(15,	'Michael',	'Collins',	'1930-10-31'),
(16,	'Vladimir',	'Komarov',	'1927-03-06'),
(17,	'Barry',	'Wilmore',	'1962-12-29'),
(18,	'Sunita',	'Williamsová',	'1965-09-19'),
(26,	'wwwq1',	'qwwsq1',	'1988-08-08'),
(27,	'wwwq2',	'qwwsq2',	'1988-08-08'),
(28,	'wwwq3',	'qwwsq3',	'1988-08-08'),
(29,	'wwwq4',	'qwwsq4',	'1988-08-08'),
(30,	'wwwq5',	'qwwsq5',	'1988-08-08'),
(31,	'wwwq6',	'qwwsq6',	'1988-08-08'),
(32,	'wwwq7',	'qwwsq7',	'1988-08-08'),
(33,	'wwwq8',	'qwwsq8',	'1988-08-08'),
(34,	'wwwq9',	'qwwsq9',	'1988-08-08'),
(35,	'wwwq10',	'qwwsq10',	'1988-08-08'),
(36,	'wwwq11',	'qwwsq11',	'1988-08-08'),
(37,	'wwwq12',	'qwwsq12',	'1988-08-08'),
(38,	'wwwq13',	'qwwsq13',	'1988-08-08'),
(39,	'wwwq14',	'qwwsq14',	'1988-08-08'),
(40,	'wwwq15',	'qwwsq15',	'1988-08-08'),
(41,	'wwwq16',	'qwwsq16',	'1988-08-08'),
(42,	'wwwq17',	'qwwsq17',	'1988-08-08'),
(43,	'wwwq18',	'qwwsq18',	'1988-08-08'),
(44,	'wwwq19',	'qwwsq19',	'1988-08-08'),
(45,	'wwwq20',	'qwwsq20',	'1988-08-08'),
(46,	'wwwq21',	'qwwsq21',	'1988-08-08'),
(47,	'wwwq22',	'qwwsq22',	'1988-08-08'),
(48,	'wwwq23',	'qwwsq23',	'1988-08-08'),
(49,	'wwwq24',	'qwwsq24',	'1988-08-08'),
(50,	'wwwq25',	'qwwsq25',	'1988-08-08'),
(51,	'wwwq26',	'qwwsq26',	'1988-08-08'),
(52,	'wwwq27',	'qwwsq27',	'1988-08-08'),
(53,	'wwwq28',	'qwwsq28',	'1988-08-08'),
(54,	'wwwq29',	'qwwsq29',	'1988-08-08'),
(55,	'wwwq30',	'qwwsq30',	'1988-08-08'),
(56,	'wwwq31',	'qwwsq31',	'1988-08-08'),
(57,	'wwwq32',	'qwwsq32',	'1988-08-08'),
(58,	'wwwq33',	'qwwsq33',	'1988-08-08'),
(59,	'wwwq34',	'qwwsq34',	'1988-08-08'),
(60,	'wwwq35',	'qwwsq35',	'1988-08-08'),
(61,	'wwwq36',	'qwwsq36',	'1988-08-08'),
(62,	'wwwq37',	'qwwsq37',	'1988-08-08'),
(63,	'wwwq38',	'qwwsq38',	'1988-08-08'),
(64,	'wwwq39',	'qwwsq39',	'1988-08-08'),
(65,	'wwwq40',	'qwwsq40',	'1988-08-08'),
(66,	'wwwq41',	'qwwsq41',	'1988-08-08'),
(67,	'wwwq42',	'qwwsq42',	'1988-08-08'),
(68,	'wwwq43',	'qwwsq43',	'1988-08-08'),
(69,	'wwwq44',	'qwwsq44',	'1988-08-08'),
(70,	'wwwq45',	'qwwsq45',	'1988-08-08'),
(71,	'wwwq46',	'qwwsq46',	'1988-08-08'),
(72,	'wwwq47',	'qwwsq47',	'1988-08-08'),
(73,	'wwwq48',	'qwwsq48',	'1988-08-08'),
(74,	'wwwq49',	'qwwsq49',	'1988-08-08'),
(75,	'wwwq50',	'qwwsq50',	'1988-08-08'),
(76,	'wwwq51',	'qwwsq51',	'1988-08-08'),
(77,	'wwwq52',	'qwwsq52',	'1988-08-08'),
(78,	'wwwq53',	'qwwsq53',	'1988-08-08'),
(79,	'wwwq54',	'qwwsq54',	'1988-08-08'),
(80,	'wwwq55',	'qwwsq55',	'1988-08-08'),
(81,	'wwwq56',	'qwwsq56',	'1988-08-08'),
(82,	'wwwq57',	'qwwsq57',	'1988-08-08'),
(83,	'wwwq58',	'qwwsq58',	'1988-08-08'),
(84,	'wwwq59',	'qwwsq59',	'1988-08-08'),
(85,	'wwwq60',	'qwwsq60',	'1988-08-08'),
(86,	'wwwq61',	'qwwsq61',	'1988-08-08'),
(87,	'wwwq62',	'qwwsq62',	'1988-08-08'),
(88,	'wwwq63',	'qwwsq63',	'1988-08-08'),
(89,	'wwwq64',	'qwwsq64',	'1988-08-08'),
(90,	'wwwq65',	'qwwsq65',	'1988-08-08'),
(91,	'wwwq66',	'qwwsq66',	'1988-08-08'),
(92,	'wwwq67',	'qwwsq67',	'1988-08-08'),
(93,	'wwwq68',	'qwwsq68',	'1988-08-08'),
(94,	'wwwq69',	'qwwsq69',	'1988-08-08'),
(95,	'wwwq70',	'qwwsq70',	'1988-08-08'),
(96,	'wwwq71',	'qwwsq71',	'1988-08-08'),
(97,	'wwwq72',	'qwwsq72',	'1988-08-08'),
(98,	'wwwq73',	'qwwsq73',	'1988-08-08'),
(99,	'wwwq74',	'qwwsq74',	'1988-08-08'),
(100,	'wwwq75',	'qwwsq75',	'1988-08-08'),
(101,	'wwwq76',	'qwwsq76',	'1988-08-08'),
(102,	'wwwq77',	'qwwsq77',	'1988-08-08'),
(103,	'wwwq78',	'qwwsq78',	'1988-08-08'),
(104,	'wwwq79',	'qwwsq79',	'1988-08-08'),
(105,	'wwwq80',	'qwwsq80',	'1988-08-08'),
(106,	'wwwq81',	'qwwsq81',	'1988-08-08'),
(107,	'wwwq82',	'qwwsq82',	'1988-08-08'),
(108,	'wwwq83',	'qwwsq83',	'1988-08-08'),
(109,	'wwwq84',	'qwwsq84',	'1988-08-08'),
(110,	'wwwq85',	'qwwsq85',	'1988-08-08'),
(111,	'wwwq86',	'qwwsq86',	'1988-08-08'),
(112,	'wwwq87',	'qwwsq87',	'1988-08-08'),
(113,	'wwwq88',	'qwwsq88',	'1988-08-08'),
(114,	'wwwq89',	'qwwsq89',	'1988-08-08'),
(115,	'wwwq90',	'qwwsq90',	'1988-08-08'),
(116,	'wwwq91',	'qwwsq91',	'1988-08-08'),
(117,	'wwwq92',	'qwwsq92',	'1988-08-08'),
(118,	'wwwq93',	'qwwsq93',	'1988-08-08'),
(119,	'wwwq94',	'qwwsq94',	'1988-08-08'),
(120,	'wwwq95',	'qwwsq95',	'1988-08-08'),
(121,	'wwwq96',	'qwwsq96',	'1988-08-08'),
(122,	'wwwq97',	'qwwsq97',	'1988-08-08'),
(123,	'wwwq98',	'qwwsq98',	'1988-08-08'),
(124,	'wwwq99',	'qwwsq99',	'1988-08-08'),
(125,	'wwwq100',	'qwwsq100',	'1988-08-08'),
(126,	'wwwq101',	'qwwsq101',	'1988-08-08'),
(127,	'wwwq102',	'qwwsq102',	'1988-08-08'),
(128,	'wwwq103',	'qwwsq103',	'1988-08-08'),
(129,	'wwwq104',	'qwwsq104',	'1988-08-08'),
(130,	'wwwq105',	'qwwsq105',	'1988-08-08'),
(131,	'wwwq106',	'qwwsq106',	'1988-08-08'),
(132,	'wwwq107',	'qwwsq107',	'1988-08-08'),
(133,	'wwwq108',	'qwwsq108',	'1988-08-08'),
(134,	'wwwq109',	'qwwsq109',	'1988-08-08'),
(135,	'wwwq110',	'qwwsq110',	'1988-08-08'),
(136,	'wwwq111',	'qwwsq111',	'1988-08-08'),
(137,	'wwwq112',	'qwwsq112',	'1988-08-08'),
(138,	'wwwq113',	'qwwsq113',	'1988-08-08'),
(139,	'wwwq114',	'qwwsq114',	'1988-08-08'),
(140,	'wwwq115',	'qwwsq115',	'1988-08-08'),
(141,	'wwwq116',	'qwwsq116',	'1988-08-08'),
(142,	'wwwq117',	'qwwsq117',	'1988-08-08'),
(143,	'wwwq118',	'qwwsq118',	'1988-08-08'),
(144,	'wwwq119',	'qwwsq119',	'1988-08-08'),
(145,	'wwwq120',	'qwwsq120',	'1988-08-08'),
(146,	'wwwq121',	'qwwsq121',	'1988-08-08'),
(147,	'wwwq122',	'qwwsq122',	'1988-08-08'),
(148,	'wwwq123',	'qwwsq123',	'1988-08-08'),
(149,	'wwwq124',	'qwwsq124',	'1988-08-08'),
(150,	'wwwq125',	'qwwsq125',	'1988-08-08'),
(151,	'wwwq126',	'qwwsq126',	'1988-08-08'),
(152,	'wwwq127',	'qwwsq127',	'1988-08-08'),
(153,	'wwwq128',	'qwwsq128',	'1988-08-08'),
(154,	'wwwq129',	'qwwsq129',	'1988-08-08'),
(155,	'wwwq130',	'qwwsq130',	'1988-08-08'),
(156,	'wwwq131',	'qwwsq131',	'1988-08-08'),
(157,	'wwwq132',	'qwwsq132',	'1988-08-08'),
(158,	'wwwq133',	'qwwsq133',	'1988-08-08'),
(159,	'wwwq134',	'qwwsq134',	'1988-08-08'),
(160,	'wwwq135',	'qwwsq135',	'1988-08-08'),
(161,	'wwwq136',	'qwwsq136',	'1988-08-08'),
(162,	'wwwq137',	'qwwsq137',	'1988-08-08'),
(163,	'wwwq138',	'qwwsq138',	'1988-08-08'),
(164,	'wwwq139',	'qwwsq139',	'1988-08-08'),
(165,	'wwwq140',	'qwwsq140',	'1988-08-08'),
(166,	'wwwq141',	'qwwsq141',	'1988-08-08'),
(167,	'wwwq142',	'qwwsq142',	'1988-08-08'),
(168,	'wwwq143',	'qwwsq143',	'1988-08-08'),
(169,	'wwwq144',	'qwwsq144',	'1988-08-08'),
(170,	'wwwq145',	'qwwsq145',	'1988-08-08'),
(171,	'wwwq146',	'qwwsq146',	'1988-08-08'),
(172,	'wwwq147',	'qwwsq147',	'1988-08-08'),
(173,	'wwwq148',	'qwwsq148',	'1988-08-08'),
(174,	'wwwq149',	'qwwsq149',	'1988-08-08'),
(175,	'wwwq150',	'qwwsq150',	'1988-08-08'),
(176,	'wwwq151',	'qwwsq151',	'1988-08-08'),
(177,	'wwwq152',	'qwwsq152',	'1988-08-08'),
(178,	'wwwq153',	'qwwsq153',	'1988-08-08'),
(179,	'wwwq154',	'qwwsq154',	'1988-08-08'),
(180,	'wwwq155',	'qwwsq155',	'1988-08-08'),
(181,	'wwwq156',	'qwwsq156',	'1988-08-08'),
(182,	'wwwq157',	'qwwsq157',	'1988-08-08'),
(183,	'wwwq158',	'qwwsq158',	'1988-08-08'),
(184,	'wwwq159',	'qwwsq159',	'1988-08-08'),
(185,	'wwwq160',	'qwwsq160',	'1988-08-08'),
(186,	'wwwq161',	'qwwsq161',	'1988-08-08'),
(187,	'wwwq162',	'qwwsq162',	'1988-08-08'),
(188,	'wwwq163',	'qwwsq163',	'1988-08-08'),
(189,	'wwwq164',	'qwwsq164',	'1988-08-08'),
(190,	'wwwq165',	'qwwsq165',	'1988-08-08'),
(191,	'wwwq166',	'qwwsq166',	'1988-08-08'),
(192,	'wwwq167',	'qwwsq167',	'1988-08-08'),
(193,	'wwwq168',	'qwwsq168',	'1988-08-08'),
(194,	'wwwq169',	'qwwsq169',	'1988-08-08'),
(195,	'wwwq170',	'qwwsq170',	'1988-08-08'),
(196,	'wwwq171',	'qwwsq171',	'1988-08-08'),
(197,	'wwwq172',	'qwwsq172',	'1988-08-08'),
(198,	'wwwq173',	'qwwsq173',	'1988-08-08'),
(199,	'wwwq174',	'qwwsq174',	'1988-08-08'),
(200,	'wwwq175',	'qwwsq175',	'1988-08-08'),
(201,	'wwwq176',	'qwwsq176',	'1988-08-08'),
(202,	'wwwq177',	'qwwsq177',	'1988-08-08'),
(203,	'wwwq178',	'qwwsq178',	'1988-08-08'),
(204,	'wwwq179',	'qwwsq179',	'1988-08-08'),
(205,	'wwwq180',	'qwwsq180',	'1988-08-08'),
(206,	'wwwq181',	'qwwsq181',	'1988-08-08'),
(207,	'wwwq182',	'qwwsq182',	'1988-08-08'),
(208,	'wwwq183',	'qwwsq183',	'1988-08-08'),
(209,	'wwwq184',	'qwwsq184',	'1988-08-08'),
(210,	'wwwq185',	'qwwsq185',	'1988-08-08'),
(211,	'wwwq186',	'qwwsq186',	'1988-08-08'),
(212,	'wwwq187',	'qwwsq187',	'1988-08-08'),
(213,	'wwwq188',	'qwwsq188',	'1988-08-08'),
(214,	'wwwq189',	'qwwsq189',	'1988-08-08'),
(215,	'wwwq190',	'qwwsq190',	'1988-08-08'),
(216,	'wwwq191',	'qwwsq191',	'1988-08-08'),
(217,	'wwwq192',	'qwwsq192',	'1988-08-08'),
(218,	'wwwq193',	'qwwsq193',	'1988-08-08'),
(219,	'wwwq194',	'qwwsq194',	'1988-08-08'),
(220,	'wwwq195',	'qwwsq195',	'1988-08-08'),
(221,	'wwwq196',	'qwwsq196',	'1988-08-08'),
(222,	'wwwq197',	'qwwsq197',	'1988-08-08'),
(223,	'wwwq198',	'qwwsq198',	'1988-08-08'),
(224,	'wwwq199',	'qwwsq199',	'1988-08-08'),
(225,	'wwwq200',	'qwwsq200',	'1988-08-08'),
(226,	'wwwq201',	'qwwsq201',	'1988-08-08'),
(227,	'wwwq202',	'qwwsq202',	'1988-08-08'),
(228,	'wwwq203',	'qwwsq203',	'1988-08-08'),
(229,	'wwwq204',	'qwwsq204',	'1988-08-08'),
(230,	'wwwq205',	'qwwsq205',	'1988-08-08'),
(231,	'wwwq206',	'qwwsq206',	'1988-08-08'),
(232,	'wwwq207',	'qwwsq207',	'1988-08-08'),
(233,	'wwwq208',	'qwwsq208',	'1988-08-08'),
(234,	'wwwq209',	'qwwsq209',	'1988-08-08'),
(235,	'wwwq210',	'qwwsq210',	'1988-08-08'),
(236,	'wwwq211',	'qwwsq211',	'1988-08-08'),
(237,	'wwwq212',	'qwwsq212',	'1988-08-08'),
(238,	'wwwq213',	'qwwsq213',	'1988-08-08'),
(239,	'wwwq214',	'qwwsq214',	'1988-08-08'),
(240,	'wwwq215',	'qwwsq215',	'1988-08-08'),
(241,	'wwwq216',	'qwwsq216',	'1988-08-08'),
(242,	'wwwq217',	'qwwsq217',	'1988-08-08'),
(243,	'wwwq218',	'qwwsq218',	'1988-08-08'),
(244,	'wwwq219',	'qwwsq219',	'1988-08-08'),
(245,	'wwwq220',	'qwwsq220',	'1988-08-08'),
(246,	'wwwq221',	'qwwsq221',	'1988-08-08'),
(247,	'wwwq222',	'qwwsq222',	'1988-08-08'),
(248,	'wwwq223',	'qwwsq223',	'1988-08-08'),
(249,	'wwwq224',	'qwwsq224',	'1988-08-08'),
(250,	'wwwq225',	'qwwsq225',	'1988-08-08'),
(251,	'wwwq226',	'qwwsq226',	'1988-08-08'),
(252,	'wwwq227',	'qwwsq227',	'1988-08-08'),
(253,	'wwwq228',	'qwwsq228',	'1988-08-08'),
(254,	'wwwq229',	'qwwsq229',	'1988-08-08'),
(255,	'wwwq230',	'qwwsq230',	'1988-08-08'),
(256,	'wwwq231',	'qwwsq231',	'1988-08-08'),
(257,	'wwwq232',	'qwwsq232',	'1988-08-08'),
(258,	'wwwq233',	'qwwsq233',	'1988-08-08'),
(259,	'wwwq234',	'qwwsq234',	'1988-08-08'),
(260,	'wwwq235',	'qwwsq235',	'1988-08-08'),
(261,	'wwwq236',	'qwwsq236',	'1988-08-08'),
(262,	'wwwq237',	'qwwsq237',	'1988-08-08'),
(263,	'wwwq238',	'qwwsq238',	'1988-08-08'),
(264,	'wwwq239',	'qwwsq239',	'1988-08-08'),
(265,	'wwwq240',	'qwwsq240',	'1988-08-08'),
(266,	'wwwq241',	'qwwsq241',	'1988-08-08'),
(267,	'wwwq242',	'qwwsq242',	'1988-08-08'),
(268,	'wwwq243',	'qwwsq243',	'1988-08-08'),
(269,	'wwwq244',	'qwwsq244',	'1988-08-08'),
(270,	'wwwq245',	'qwwsq245',	'1988-08-08'),
(271,	'wwwq246',	'qwwsq246',	'1988-08-08'),
(272,	'wwwq247',	'qwwsq247',	'1988-08-08'),
(273,	'wwwq248',	'qwwsq248',	'1988-08-08'),
(274,	'wwwq249',	'qwwsq249',	'1988-08-08'),
(275,	'wwwq250',	'qwwsq250',	'1988-08-08'),
(276,	'wwwq251',	'qwwsq251',	'1988-08-08'),
(277,	'wwwq252',	'qwwsq252',	'1988-08-08'),
(278,	'wwwq253',	'qwwsq253',	'1988-08-08'),
(279,	'wwwq254',	'qwwsq254',	'1988-08-08'),
(280,	'wwwq255',	'qwwsq255',	'1988-08-08'),
(281,	'wwwq256',	'qwwsq256',	'1988-08-08'),
(282,	'wwwq257',	'qwwsq257',	'1988-08-08'),
(283,	'wwwq258',	'qwwsq258',	'1988-08-08'),
(284,	'wwwq259',	'qwwsq259',	'1988-08-08'),
(285,	'wwwq260',	'qwwsq260',	'1988-08-08'),
(286,	'wwwq261',	'qwwsq261',	'1988-08-08'),
(287,	'wwwq262',	'qwwsq262',	'1988-08-08'),
(288,	'wwwq263',	'qwwsq263',	'1988-08-08'),
(289,	'wwwq264',	'qwwsq264',	'1988-08-08'),
(290,	'wwwq265',	'qwwsq265',	'1988-08-08'),
(291,	'wwwq266',	'qwwsq266',	'1988-08-08'),
(292,	'wwwq267',	'qwwsq267',	'1988-08-08'),
(293,	'wwwq268',	'qwwsq268',	'1988-08-08'),
(294,	'wwwq269',	'qwwsq269',	'1988-08-08'),
(295,	'wwwq270',	'qwwsq270',	'1988-08-08'),
(296,	'wwwq271',	'qwwsq271',	'1988-08-08'),
(297,	'wwwq272',	'qwwsq272',	'1988-08-08'),
(298,	'wwwq273',	'qwwsq273',	'1988-08-08'),
(299,	'wwwq274',	'qwwsq274',	'1988-08-08'),
(300,	'wwwq275',	'qwwsq275',	'1988-08-08'),
(301,	'wwwq276',	'qwwsq276',	'1988-08-08'),
(302,	'wwwq277',	'qwwsq277',	'1988-08-08'),
(303,	'wwwq278',	'qwwsq278',	'1988-08-08'),
(304,	'wwwq279',	'qwwsq279',	'1988-08-08'),
(305,	'wwwq280',	'qwwsq280',	'1988-08-08'),
(306,	'wwwq281',	'qwwsq281',	'1988-08-08'),
(307,	'wwwq282',	'qwwsq282',	'1988-08-08'),
(308,	'wwwq283',	'qwwsq283',	'1988-08-08'),
(309,	'wwwq284',	'qwwsq284',	'1988-08-08'),
(310,	'wwwq285',	'qwwsq285',	'1988-08-08'),
(311,	'wwwq286',	'qwwsq286',	'1988-08-08'),
(312,	'wwwq287',	'qwwsq287',	'1988-08-08'),
(313,	'wwwq288',	'qwwsq288',	'1988-08-08'),
(314,	'wwwq289',	'qwwsq289',	'1988-08-08'),
(315,	'wwwq290',	'qwwsq290',	'1988-08-08'),
(316,	'wwwq291',	'qwwsq291',	'1988-08-08'),
(317,	'wwwq292',	'qwwsq292',	'1988-08-08'),
(318,	'wwwq293',	'qwwsq293',	'1988-08-08'),
(319,	'wwwq294',	'qwwsq294',	'1988-08-08'),
(320,	'wwwq295',	'qwwsq295',	'1988-08-08'),
(321,	'wwwq296',	'qwwsq296',	'1988-08-08'),
(322,	'wwwq297',	'qwwsq297',	'1988-08-08'),
(323,	'wwwq298',	'qwwsq298',	'1988-08-08'),
(324,	'wwwq299',	'qwwsq299',	'1988-08-08'),
(325,	'wwwq300',	'qwwsq300',	'1988-08-08');

DROP TABLE IF EXISTS `astroman_has_skill`;
CREATE TABLE `astroman_has_skill` (
  `id` int NOT NULL AUTO_INCREMENT,
  `astroman_id` int NOT NULL,
  `skill_id` int NOT NULL,
  PRIMARY KEY (`id`),
  KEY `astroman_id` (`astroman_id`),
  KEY `skill_id` (`skill_id`),
  CONSTRAINT `astroman_has_skill_ibfk_1` FOREIGN KEY (`astroman_id`) REFERENCES `astroman` (`id`),
  CONSTRAINT `astroman_has_skill_ibfk_2` FOREIGN KEY (`skill_id`) REFERENCES `skill` (`id`)
) ENGINE=InnoDB DEFAULT CHARSET=utf8mb4 COLLATE=utf8mb4_czech_ci;

INSERT INTO `astroman_has_skill` (`id`, `astroman_id`, `skill_id`) VALUES
(1,	1,	1),
(4,	3,	3),
(19,	2,	2),
(20,	2,	4),
(21,	10,	5),
(22,	11,	5),
(23,	12,	5),
(24,	13,	6),
(25,	14,	6),
(26,	15,	7),
(27,	16,	8),
(28,	17,	9),
(29,	18,	9),
(39,	27,	10),
(40,	28,	10),
(41,	29,	10),
(42,	30,	10),
(43,	31,	10),
(44,	32,	10),
(45,	33,	10),
(46,	34,	10),
(47,	35,	10),
(48,	36,	10),
(49,	37,	10),
(50,	38,	10),
(51,	39,	10),
(52,	40,	10),
(53,	41,	10),
(54,	42,	10),
(55,	43,	10),
(56,	44,	10),
(57,	45,	10),
(58,	46,	10),
(59,	47,	10),
(60,	48,	10),
(61,	49,	10),
(62,	50,	10),
(63,	51,	10),
(64,	52,	10),
(65,	53,	10),
(66,	54,	10),
(67,	55,	10),
(68,	56,	10),
(69,	57,	10),
(70,	58,	10),
(71,	59,	10),
(72,	60,	10),
(73,	61,	10),
(74,	62,	10),
(75,	63,	10),
(76,	64,	10),
(77,	65,	10),
(78,	66,	10),
(79,	67,	10),
(80,	68,	10),
(81,	69,	10),
(82,	70,	10),
(83,	71,	10),
(84,	72,	10),
(85,	73,	10),
(86,	74,	10),
(87,	75,	10),
(88,	76,	10),
(89,	77,	10),
(90,	78,	10),
(91,	79,	10),
(92,	80,	10),
(93,	81,	10),
(94,	82,	10),
(95,	83,	10),
(96,	84,	10),
(97,	85,	10),
(98,	86,	10),
(99,	87,	10),
(100,	88,	10),
(101,	89,	10),
(102,	90,	10),
(103,	91,	10),
(104,	92,	10),
(105,	93,	10),
(106,	94,	10),
(107,	95,	10),
(108,	96,	10),
(109,	97,	10),
(110,	98,	10),
(111,	99,	10),
(112,	100,	10),
(113,	101,	10),
(114,	102,	10),
(115,	103,	10),
(116,	104,	10),
(117,	105,	10),
(118,	106,	10),
(119,	107,	10),
(120,	108,	10),
(121,	109,	10),
(122,	110,	10),
(123,	111,	10),
(124,	112,	10),
(125,	113,	10),
(126,	114,	10),
(127,	115,	10),
(128,	116,	10),
(129,	117,	10),
(130,	118,	10),
(131,	119,	10),
(132,	120,	10),
(133,	121,	10),
(134,	122,	10),
(135,	123,	10),
(136,	124,	10),
(137,	125,	10),
(138,	126,	10),
(139,	127,	10),
(140,	128,	10),
(141,	129,	10),
(142,	130,	10),
(143,	131,	10),
(144,	132,	10),
(145,	133,	10),
(146,	134,	10),
(147,	135,	10),
(148,	136,	10),
(149,	137,	10),
(150,	138,	10),
(151,	139,	10),
(152,	140,	10),
(153,	141,	10),
(154,	142,	10),
(155,	143,	10),
(156,	144,	10),
(157,	145,	10),
(158,	146,	10),
(159,	147,	10),
(160,	148,	10),
(161,	149,	10),
(162,	150,	10),
(163,	151,	10),
(164,	152,	10),
(165,	153,	10),
(166,	154,	10),
(167,	155,	10),
(168,	156,	10),
(169,	157,	10),
(170,	158,	10),
(171,	159,	10),
(172,	160,	10),
(173,	161,	10),
(174,	162,	10),
(175,	163,	10),
(176,	164,	10),
(177,	165,	10),
(178,	166,	10),
(179,	167,	10),
(180,	168,	10),
(181,	169,	10),
(182,	170,	10),
(183,	171,	10),
(184,	172,	10),
(185,	173,	10),
(186,	174,	10),
(187,	175,	10),
(188,	176,	10),
(189,	177,	10),
(190,	178,	10),
(191,	179,	10),
(192,	180,	10),
(193,	181,	10),
(194,	182,	10),
(195,	183,	10),
(196,	184,	10),
(197,	185,	10),
(198,	186,	10),
(199,	187,	10),
(200,	188,	10),
(201,	189,	10),
(202,	190,	10),
(203,	191,	10),
(204,	192,	10),
(205,	193,	10),
(206,	194,	10),
(207,	195,	10),
(208,	196,	10),
(209,	197,	10),
(210,	198,	10),
(211,	199,	10),
(212,	200,	10),
(213,	201,	10),
(214,	202,	10),
(215,	203,	10),
(216,	204,	10),
(217,	205,	10),
(218,	206,	10),
(219,	207,	10),
(220,	208,	10),
(221,	209,	10),
(222,	210,	10),
(223,	211,	10),
(224,	212,	10),
(225,	213,	10),
(226,	214,	10),
(227,	215,	10),
(228,	216,	10),
(229,	217,	10),
(230,	218,	10),
(231,	219,	10),
(232,	220,	10),
(233,	221,	10),
(234,	222,	10),
(235,	223,	10),
(236,	224,	10),
(237,	225,	10),
(238,	226,	10),
(239,	227,	10),
(240,	228,	10),
(241,	229,	10),
(242,	230,	10),
(243,	231,	10),
(244,	232,	10),
(245,	233,	10),
(246,	234,	10),
(247,	235,	10),
(248,	236,	10),
(249,	237,	10),
(250,	238,	10),
(251,	239,	10),
(252,	240,	10),
(253,	241,	10),
(254,	242,	10),
(255,	243,	10),
(256,	244,	10),
(257,	245,	10),
(258,	246,	10),
(259,	247,	10),
(260,	248,	10),
(261,	249,	10),
(262,	250,	10),
(263,	251,	10),
(264,	252,	10),
(265,	253,	10),
(266,	254,	10),
(267,	255,	10),
(268,	256,	10),
(269,	257,	10),
(270,	258,	10),
(271,	259,	10),
(272,	260,	10),
(273,	261,	10),
(274,	262,	10),
(275,	263,	10),
(276,	264,	10),
(277,	265,	10),
(278,	266,	10),
(279,	267,	10),
(280,	268,	10),
(281,	269,	10),
(282,	270,	10),
(283,	271,	10),
(284,	272,	10),
(285,	273,	10),
(286,	274,	10),
(287,	275,	10),
(288,	276,	10),
(289,	277,	10),
(290,	278,	10),
(291,	279,	10),
(292,	280,	10),
(293,	281,	10),
(294,	282,	10),
(295,	283,	10),
(296,	284,	10),
(297,	285,	10),
(298,	286,	10),
(299,	287,	10),
(300,	288,	10),
(301,	289,	10),
(302,	290,	10),
(303,	291,	10),
(304,	292,	10),
(305,	293,	10),
(306,	294,	10),
(307,	295,	10),
(308,	296,	10),
(309,	297,	10),
(310,	298,	10),
(311,	299,	10),
(312,	300,	10),
(313,	301,	10),
(314,	302,	10),
(315,	303,	10),
(316,	304,	10),
(317,	305,	10),
(318,	306,	10),
(319,	307,	10),
(320,	308,	10),
(321,	309,	10),
(322,	310,	10),
(323,	311,	10),
(324,	312,	10),
(325,	313,	10),
(326,	314,	10),
(327,	315,	10),
(328,	316,	10),
(329,	317,	10),
(330,	318,	10),
(331,	319,	10),
(332,	320,	10),
(333,	321,	10),
(334,	322,	10),
(335,	323,	10),
(336,	324,	10),
(337,	325,	10),
(340,	26,	10);

DROP TABLE IF EXISTS `skill`;
CREATE TABLE `skill` (
  `id` int NOT NULL AUTO_INCREMENT,
  `name` varchar(45) CHARACTER SET utf8mb4 COLLATE utf8mb4_czech_ci NOT NULL,
  PRIMARY KEY (`id`)
) ENGINE=InnoDB DEFAULT CHARSET=utf8mb4 COLLATE=utf8mb4_czech_ci;

INSERT INTO `skill` (`id`, `name`) VALUES
(1,	'Nejdelší pobyt na oběžné dráze'),
(2,	'Pojídání chipsů v beztížném stavu'),
(3,	'Pěrvyj v kosmose'),
(4,	'Jaderný inženýr'),
(5,	'Vesmírný opravář'),
(6,	'Hopsání po Měsíci'),
(7,	'Nejblíže k hopsání po Měsíci'),
(8,	'Přistání bez padáku'),
(9,	'Nejdelší 8denní mise'),
(10,	'Nic, jen zabírá místo');

-- 2025-06-03 21:39:07 UTC
